comment,level-1,level-2,level-3,Language_Category,
"the so called south india unity is only on the internet and the political party goons, while most of the south Indians can’t even communicate among themselves 😂😂😂.  I live in Bangalore, the tamilians speak hindi instead of kannada to local auto walas😂",1,2,South-India,English,
No worries. International communities laughs about Indian civic sense because of North Indians and journalist ignorance,1,2,North-India,English,
North Indian  are not indians they are half Britishers and make fun of their own country and ask south people to speak hindi like they are civilised people with their half assed brains,1,2,North-India,English,
"We must do in the same way, with pani puri seller, pan spit, scam,nnorthieessss",1,2,North-India,English,
"But the actual truth is for us, the north indians are someone who doesn't even fit in the puzzle, the barbarians, the illiterate substandard people. But they themselves fantasies them as superior, even when they are from the worst part of India what a joke",1,3,North-India,English,
North Indians should never complain about racism ! They think they are all that just because of their skin color,1,3,North-India,English,
"Chapati/Paratha, Gutkha, Paneer, and Chole — sums up all of North India.",1,2,North-India,Code-Mixed,Hinglish
They themselves show that biharis are only *rikzha pullers*,1,2,Bihar,English,
"If whole of south is madrasi for them, the whole north is bihari for us.",1,2,North-India,English,
"Forget about bollywood,  the so called chauvinist kannadigas hate every non Kannadiga. They hate Sonu Nigam, north Indian employees, or neighbor Tamilians brothers.",1,3,Karnataka,English,
"Not only bollywood even the north immigrants behave the same. They r spoiling our culture and traditions and always try to dominate us. Specially in telangana, they replaced our kolatam with dandiya.",1,2,North-India,English,
As a south indian I need how south Indians are generalizing the entire north as cow belt these days.,1,2,North-India,English,
Punjabis are racist,1,3,Punjab,English,
checklist of north indians: panmasala castor oil hair chapathi weed tattoos,1,2,North-India,Code-Mixed,Hinglish
"We alll South indians know that most of  the North indians are illiterates,  stupid, lack of civic sensed and gbar minded.😂",1,2,North-India,Code-Mixed,Hinglish
Drinking gaumutra should be incorporated by every South Indian movies while depicting North Indian character 😂😂,1,2,North-India,Code-Mixed,Hinglish
"South India wants a separate country. No visa for loud, zuban kesari North Indians. Quit aaloo movement! 😂",1,2,North-India,Code-Mixed,Hinglish
Spitting pan on every roadside  should be included in every south movie to depict north indians,1,2,North-India,Code-Mixed,Hinglish
north indians should be kicked out,1,2,North-India,English,
"If we start to roast northies we have lots of elements peeda, pyjama, chapathi dhal 😂😂😂",1,2,North-India,Code-Mixed,Hinglish
"Don't worry.. in south indian mind, north indians are group of people who don't think at all. Paani poori,chapathi, pan barag, travelling without ticket, people who doesn't know how to respect others, scammers, cheaters and always makes fun of south indians no matter what we are doing, poor, hard workers, mob attackers, don't have feelings, don't have rational thinking.. is there anything I missed?",1,2,North-India,Code-Mixed,Hinglish
"Just be indifferent to these northie clowns and bollywood.. such level of unawareness and poor intellect is so laughable in this day and age,😂 and these north indians think they are progressive while living in smelly, filth filled cities and suburbs with zero civic sense and cooperation.",1,2,North-India,English,
For us keralites every north indian is a bengali.😅😅😅😅,1,2,North-India,English,
I think northies should come out from their cowdung thinking,1,2,North-India,English,
North Indians lack knowledge about everything.,1,2,North-India,English,
"If I ever make a movie about North Indian then I will portray them as men drink urine , bath with cow dung , and over religious and uneducated so that always vote for BJP in the name of religion",1,3,North-India,English,
We should call all north indians as biharis and up bhaiyyas 😂,1,3,North-India,English,
"We can identify the north people wherever we go. They will be people speaking in loud noise, indisciplined, and spitting everywhere",1,2,North-India,English,
"I don't know if you (the channel) don't understand the underlying thinking of some (not all are dickheads) of these northies or are simply being polite.. Such northies have a fake, forced superiority complex 😅... Their forefathers taught them as such and some of them still follow their elders blindly .....there's no point in explaining them. They will quiten down when they are humiliated in targeted way 😊",1,2,North-India,English,
It is pure ignorant of North Indians thinking they are better and smarter when in fact they are neither of that! Just pure dumbness!,1,2,North-India,English,
NORTH INDIANS THINK THEY ARE SUPERIOR TO SOUTH INDIANS.FRANKLY I SAY SOUTH INDIANS MORE EDUCATED.HEMA MALINI JAYAPRADA ASIN VIDYA BALAN DEEPIKA PADUKONE ISHWARYA ROY ALL SOUTH INDIANS.SOUTH INDIANS RESPECT THEIR CUTURES..Kerala tamilnadu karnataka and Andra have different culture and languages,1,2,"North-India, South-India",English,
"Northies can be as uncultured as Kapil Sharma who is a shame to all Indians….🤮UPites, Biharis with their stained mouths, the less said the better and then of course the Punjabis the unofficial Cannadda  right!",1,2,"North-India, Uttar Pradesh, Bihar",English,
South Indians are most forward thinkers. I guess Bollywood needs to do some research.,1,1,South-India,English,
"I feel the North Indians are about 30 years behind from south Indian in each category...the politicians and the religious beliefs are make them backward community...they feeding morning to night propaganda news, films and political speech...as a Keralaites i feel they need good education, health system ,shelter and social life without any parameters...The last seen man is the brand ambassador of North indians psycho joker community...he idiot don't feel shame ..how confidently he makes foolishness..",1,2,North-India,English,
What appalls me is that backward cowbeltwallahs northies. have the gall to make fun of a more socially & economically progressive south.,1,2,North-India,English,
"North Indians are being sore losers....Nothing more, Nothing else. We don't need their validation for anything...They are in deep squalor!",1,2,North-India,English,
"Forgive them for they, the North Indians, are illiterate, arrogant people. They don't know and they just don't care.",1,2,North-India,English,
The reason why North India is backward.....,1,2,North-India,English,
Often North Indians particularly Hindi speaking people call South Indians kallu or Rawan. Even some Bengalis are not different. Very unfortunate behaviour.,1,2,North-India,English,
"KERALA IS LEAST CORRUPT STATE IN INDIA??? LMAO  It used to be so, that is until this current communist looters started running the govt. It  seems source of this information is the nepo tourism minister. and the cooked up stories fed through conniving agencies by the looter communist govt!",1,2,North-India,English,
"❤Kerala is the safest state for women in India,because of richest art and cultural heritage foundation of thirty centuries old!❤",1,1,Kerala,English,
Northie zombie bastards are not invited to Keralam.,1,2,North-India,English,
"Kerala-- most educated state in India, high HDI. Life expectancy, low child death...",1,1,Kerala,English,
Kerala is the best,1,1,Kerala,English,
"YES ..KERALA is Number one in India.. KERALA is a harmonious and peaceful state also ..Last 10 years there are booming's in developments.. New roads, school buildings, Hospital buildings, tourism projects, Infrastructures, industries Etc.. Thank You Very Much both of you  for your valuable words about my Mother Land KERALA❤❤❤🥰💐",1,1,Kerala,English,
"Kerala had good opportunity to  attract investments, improve infrastructure, and increase GDP per capita. Unfortunately Kerala has the most incompetent politicians among all Indian states. They have no vision, no desire to improve people’s life and have no love for the state. Kerala survive due to NRI’s.",1,2,Kerala,English,
North Indians fighting each other on religious basis. In kerala everyone respect everybody's religions and all are cooperative,1,2,"North-India, Kerala",English,
Kerella the best people....I am from mumbai,1,1,Kerala,English,
Kerala is still best state of india because BJP didn't have seat.. people are educated that is why BJP is rejected,1,1,Kerala,English,
"Kerala only supports only radicalisation and terrorist activities, that's why bjp is rejected .",1,3,Kerala,English,
Kerala peoples respect all religion and peoples  are well educated. Not like northing Indians which focus on dividing peoples in the name of religion.,1,2,"North-India, Kerala",English,
"Kerala is around 30 years ahead of rest of India 😮 Food, health, education, equality of ethnicity, sports, cenema, scientific temper, beauty of the place and so on 😮. Incomparable at all 😮.",1,1,Kerala,English,
"Kerala is the safest state in India for you. If you face any problems there, the locals will speak up for you because there are Keralites everywhere in the world.",1,1,Kerala,English,
"Kerala environmentally is indeed beautiful. But it‘s also the best state for terrorists, missionaries, communists and jihadis, lmao. That‘s why it’s beloved by retarded malayalees because they‘re still slaves to western white liberal culture. :) if the could, they would whiten their skin and even talk different languages because they‘re ass lickers.",1,3,Kerala,English,
"Kerala is good, people are good But the politicians. They suck. Because the roads are not good, village offices are very slow, they process like an Indian court. Because of this, the younger generation is moving out of Kerala. After some years, there will be Bengalis and Lower caste people",1,2,Kerala,English,
"Informative video👍👌👌 We have become Kerala fans for the below fascinating features of Kerala 🥰🥰 (Fyi, we shifted to Kerala about 5 years back, after living in Mumbai/Bangalore for almost 50 years. ) To all fans of Kerala (truly Gods own country)🥰🥰❣️ 1. Kerala literacy ✅ 2. Kerala natural beauty, truly magical✅ 3. Kerala people are very nice, courteous and helpful✅ 4. Kerala cleanliness ✅ 5. Kerala culture of religious harmony of Hindu, Muslim, Christian, others - really amazing harmony ✅.  Love to see  6. Kerala gender equality ✅ 7. Kerala income equality high, lowest poverty rate ✅ 8. Kerala farming techniques innovations ✅ 9. Kerala best healthcare ✅ 10. Kerala movies awesome ✅ 11. Kerala road discipline  ✅ 12. Kerala delicious food ✅ 13. Kerala has the highest life expectancy, lowest infant mortality ✅ 14. Kerala female foeticide - not prevalent.  Proof is, Kerala has the highest female ratio. 15. Only in Kerala you can see the  images/symbols of the 3 major Kerala religions often placed side by side in perfect harmony adorning restaurants, shops and even some homes 🥰🥰 16. Only in Kerala you find a very disciplined line  in front of a beverage shop, where even rowdies/gundas stand very obediently😅😅✅✅ 17. Last but not the least, Mallu gals, guys - mostly good looking, smiling pleasent face 😊😊 ✅",1,1,Kerala,English,
Kerala is called ‘Gods own country’ not because of the beauty of nature; there are thousands of better places in the world. The caption is based on ‘Theyyam’ art form where people play Demi-gods.,1,1,Kerala,English,
kerala the beatiful state is destroied by the ruling parasit communist party.,1,2,Kerala,English,
"Ofcourse, Kerala is one the best states in India. In many counts kerla tops among Indian states, such as education, health, hygiene and sanitation, social harmony and standard of living. Women of kerala are most educated among Indian states. It does have some prestigious Universities. It is the state with most natural beauty. Its infrastructure is outstanding. Kerala is the cradle of Ayurved.  Kerala is also known for its martial arts.",1,1,Kerala,English,
"Kerala is beautiful but its a underdeveloped and a scrubby state in India. Still holding 80’s infrastructure and moronic believe system of commism, along with that its an epicentre of neopotism, corruption, even of appeasing j-h-adis. Similar to cuba, if its not in India, even Cuba will be better than this state.",1,2,Kerala,English,
Kealam is not God's country... The heart of the earth... Without communism and fucking murolity peoples...,1,1,Kerala,English,
"All Keralite girls, love Gold,consumption.depends on the capacity to buy only !",1,1,Kerala,English,
Kerala is beautiful because kerala rejected bjp😂 whenever kerala going to accept bjp the downfall starts,1,1,Kerala,English,
Kerala is one of the best states but there are so many heaven like places are in india. Visit each and every corner of india which is different from eachother and all around you will find lovely people also❤,1,1,Kerala,English,
Now kerala has more North Indian than kerala people. So in future south India including kerala will look bad and dark and unbearable 😢.,1,2,North-India ,English,
Kerala is gods own country because of the unity of the people all religious community live together peacefully and friendly..its a place where you can see a temple church mosque bulit in nearer and friendly with each other and also its natural beauty also contribute to the title ...its not related to religiouly stories...,1,1,Kerala,English,
"Kerala is still high in terrorism, drug mafia, love jihad, dirty politics, etc.. Thats the real inside of present kerala🥴but you may cant see it at one glance. Look in deeper.. I am keralite. I knew it well",1,3,Kerala,English,
Kerala People very lovely and friendly all kinds of tourists and  keep his culture and status though lot of foreign tourists travel across villages/citys without feare❤,1,1,Kerala,English,
"Here are some of the biggest differences between Kerala and North India:  1) Uniformity in development and opportunity for growth. Just compare a village in Kerala, and  a village in Gujarat.   2) Less Caste/religious discrimination.  In Kerala, while inter-caste and inter-religious marriages are still infrequent, but other than that, caste/religion is not an issue at all. While in North India, where-ever I have gone, I have been asked 'my full name' just for them to understand what my caste is.  They can't seem to understand that most Keralites had shed their caste name tails, a long time ago.  3) Political awareness. People-worshipping, vote bank politics, and religious hatred simply do not bring in much vote here.  However, there are some negative points about Kerala too: 1) An absolute lack of care for the environment, forests and natural resources. 2) Lack of industries.",1,2,"Kerala, North-India",English,
"Kerala is number ONE in exporting islamic terrorists from india to Islamic State. The political system in Kerala is always supports islamic extimism because of fast growing muslim population. Within the next decade after jammu kashmir, kerala will be a muslim majority state. Appeasement politics kills this state.",1,3,Kerala,English,
Boycott Karnataka and Tamilnadu for us India first let them learn Urdu like kashmir and west Bengal. People themselves appointmented fool's as CM. Why should we care for them its there choice😂😂😂. India first,1,3,"Karnataka, Kerala",English,
"South people by birth brainwashed for anti Hindi, for no reason but anti Hindi.  Still living in tribal age.",1,2,South-India,English,
"I don't understand what Kannadigas are so arrogant about. You sick people have created this unnecessary havoc about the language. I mean you people are either really dumb or just ignorant about the fact that India has two official languages English and Hindi. However India has no national language. And learning a language should be a personal interest not an impulsion. You people act as if karnataka is one separate nation. The day you make karnataka one separate nation till then you people have no rights to tell anybody whether they can come to karnataka or not. Kannadigas who are living outside were not forced to learn Hindi they felt the need so they've learned it. I have been in Bengaluru for almost 12 yrs. And I have gone through discrimination on numerous occasions even though I knew kannada in bits and pieces, because I was learning at that time. You people talk about respect and acceptance. But firstly you people should start accepting your indian fellow mates from different states and start respecting them. 😏",1,2,Karnataka,English,
"One right case in millions of fake case.  Kannadigas dont hate hindi its just a language.  What we hate is bad behavior, worst manners, fake language pride of North indian ppl.  They came here for living, they earning their bread n butter along with all other ppl, but very bad attitude, too much aggressive",1,2,North-India,English,
"Kannada people are so bad, and also Tamil people and also marathi people and also telgu people, but hindi people are sooooo good🥲",1,2,"Karnataka, Tamil Nadu, Maharashtra, Andhra Pradesh, Telangana",English,
North indian have learn to respect ! They just cant come n show attitude,1,2,North-India,English,
"Bro seriously, those mfs from north come to Namma Bengaluru in search of their livelihood , and it’s just a basic ethics to respect the language we talk in Bengaluru , if u don’t have ethics or if ur not born to 2 fathers u will have this kind a attitude towards our Language   And this actor he just need to respect the language ! Rishab Shetty introduced him as kannadiga not as a south actor !",1,2,North-India,English,
"The attitude & Behaviour of North Indians are similar to British in precolonial Era. First, they settle, then bring their families, relatives (no problem with this) but then, they start portraying that they're doing a favour to South Indians by staying in south Indian cities, they explode on locals and create an atmosphere that those who don't speak their language are Anti - nationals. They claim they built South India. At least, Brits Prioritized local language by learning & speaking it, these arrogant Northies abuse & exploit South Indians with Language & Religion wars. They Triggered Linguistic war in Tamil Nadu, Karnataka & now in Maharashtra, but still remains as Victims of violence created by their own people. The Term Northies here doesn't apply to UP, Biharis. It only belongs to Delhiwalas. UP & Biharis are poor labours who go to earn food & have a better lifestyle.",1,2,"North-India, Delhi, Uttar Pradesh, Bihar",English,
Nothing..... control your attitude northies..... everything will be fine😂,1,2,North-India,English,
"South Indians are smarter and more cultured than North Indians. South Indians are fluent in all languages and can understand Hindi as well but these North Indians they are so ignorant they don’t know the names of southern states and their languages, their history though it is part of India. Though North Indians have nothing to feel proud of they are racist. They have to learn and adapt so many things from South Indians. Their culture is deteriorating because of Bollywood and other influences.",1,2,"North-India, South-India",English,
North people love Bangalore but refuse to communicate in native language  and argue with locals saying that hindi is national language hence kannadigas should talk with them in hindi,1,2,North-India,English,
"If North Indians hv soo much prblm with kanada , stay away frm karnataka",1,2,North-India,English,
Kannadigas never start fight one should understand this if someone throws unecessary attitude which is cringe we will just show their place that's it Kannada issue started by Cringe North Indians not by us,1,2,North-India,English,
Northies the best thing you can do to avoid all these problems is stay in your own States and beg in your own States..,1,2,North-India,English,
North Indians are reluctant to learn local language ... If they respect local culture and language problem solved ..,1,2,North-India,English,
I don't accept his words... North people behave so rudely and shame less on roads with odd behaviours. Why should we tolerate north people attitudes and dominant attitude living in our place,1,2,North-India,English,
"North Indians especially up/biharis have problem with Marathi,Kannada instead of focusing on education,learning new language…it’s a problem with their menatility , uneducated buggers..it’s high time Karnataka should implement 2 language policy like Tamilians",1,2,"North-India, Uttar Pradesh, Bihar",English,
Kannada people hate Hindi by default,1,2,Karnataka,English,
This asshole is telling one side of story.. hindi speaking people show such arrogance in bangalore they truly deserve whats happening..,1,2,North-India,English,
This language issue started because of the sick attitude of North Indians who settled in bangalore. They were acting as if Hindi was the National language and demanding kannadigas to learn Hindi. Since last 5 years people have realised that Hindi is not a National language and are turning up against North Indians. That's all,1,2,North-India,English,
"North Indians think that the history of India is only the history of North India, we have a separate history.Our own history, our own language, our own food habits, our own culture, our own 5000 years of history.",1,2,North-India,English,
Kannadigas are most racist people in India.   Nobody in north ever beats up innocent people who can not speak Hindi or Punjabi or Haryanvi.   Only people of TN and Karnataka are hostile and racist. Perhaps their culture teaches them hate and racism.,1,3,Karnataka,English,
"Karnataka & Maharashtra are loser states, our army is fighting for us at the borders, and these losers are fighting the army in the state.",1,2,"Karnataka, Maharashtra",English,
"North sr nahi unko Marathi, Malyalam,Telugu , Tamil, Konkani, Tulu, Kodava sabse problem hain sorf Hindi se nahi...😂😂😂😂 i have never seen such Jhagdalu people in bulk in my life....",1,2,North-India,English,
Shame on these Kannada peoples,1,2,Karnataka,English,
"North Indians should understand that, -India is a union of states.   -Not all of Indian states native/administrative language is Hindi, Hindi is also one of the local language in India.  -Hindi is one of the official language for union Govt meeting purpose with English as well.  -Hindi is foreign language and non-native language to south india.  -Karnataka's native and administrative language is Kannada, same as tamil for tamil nadu, malayalam for kerala, telugu for Andra.",1,2,North-India,English,
"this is for folks from the Hindi belt and the BIMARU states  and got this in Quora.   This is the tragedy of Indian demo-craZy!  All ILLITERATE Hindiwalas, panwalas, panipuriwalas, chaddiwalas, chaiwalas, pakodawalas, securitywalas have become LĀLĀS of this country today just because North has a higher population than South.  North India makes up some 77% of India’s total population. The Northern Hindi states send 43% representation to Lok Sabha. The additional 7.1% (38 seats) needed to form a ‘simple majority’ is easily achieved by co-opting some legislators from Maharashtra, Gujarat, Bihar, Assam, Bengal or Punjab etc.,.  Since, North has proximity to power in Delhi, the political capital of India, and it makes up the majority, the South Indians are virtually ‘TOOTHLESS’ in their ability to form a government at Delhi. all such narratives that “North is the cultural capital of India, North Indians are elite, North Indians are rich, North Indians are superior to South Indians” etc.. are propagated by North Indians and so called national parties. Jingoism like Hindi Hindu Hindustan is the common parlance. Not knowing Hindi is considered to be a traitor of India.   Now my comments   Northies support lawlessness and think it’s a fashion to break the law. When questioned other issues are brought up.   Ignorance of law is no excuse in any part of the civilised world. This act of peeling a sticker is an act of “vandalism”.   Not having put Kannada in the billboard is a violation of the local law. But no you won’t question as to why the law in the first place was brazenly violated. You will raise your voice against those who want all to follow the law.   Similarly you skirt the issue of why Hindi in Bangalore when the local language is Kannada. Hindi does not even figure in the top 6 most spoken languages in Bangalore but yet you want Hindi to be on the billboards. Aren’t the others citizens of this country???  Even god can’t help Hindi wallahs. You all are a gone case. Good luck",1,3,North-India,English,
99.percent people are kalo ba. No water in bengaluru. Skin black kalo ba,1,3,Karnataka,English,
I don't understand why these north indian people misbehave. Why can't they respect local language and local people either its a auto driver or whoever it may be.  Whether they can behave same way if they go to china or Russia? Whether they will ask chinese or Russian to speak in hindi?,1,2,North-India,English,
Banglore is not for North Indians .. We should remain in our lovely hometowns .,1,2,North-India,English,
The audacity of northies is they want job food water safe living everything from here and fail to learn the local language…won’t they learn French if they are in France…instead of arguing and making it look so dramatic…just humble request please get lost to your own ratholes and dungeon wherever you come from and make it a better place to live…rather than wasting you precious talent here on blaming local s for speaking their own mother tongue….Bangalore won’t perish if you leave,1,2,North-India,English,
So we have to learn hindi to make you comfortably settle down in karnataka and we have to learn hindi and stand up to give seat for you in bus.. what a illogical humans these north Indians are..,1,2,North-India,English,
"South people are so bad, its my personal experience that i experienced in Bangalore",1,2,South-India,English,
Kannadigas are far better than tamilians,1,1,Tamil Nadu,English,
KANNADIGAS ARE RACIST!!!,1,3,Karnataka,English,
Typical Northy attitude if u feel bad dont come to south 😂😂 Just learn south languages then come to south otherwise stay at model gutka north states😂😂,1,2,North-India,Code-Mixed,Hinglish
"North Indians have migrated here in large numbers & harassing all Kannadigas to forcibly learn Hindi, they torture us & make video when we respond to them in Kannada, cause we obviously don’t know Hindi that much. It’s not our language. We have Telugites, Malayalis, Tamilians, Marwadis & Gujaratis living in Bengaluru from past 50 years they are not forcing or torturing us like Hindi Speakers.",1,2,North-India,English,
"If North Indians hv soo much prblm with kanada , stay away frm karnataka . Don't cm nd spoil our culture , stay away  As simple as dat 😊",1,2,North-India,English,
"The narcissist attitude of the North Indians is really dangerous to the diversity.. India, is union of states  . Don't impose any language to others... Language is integral part of a culture.. we better no why pakistan was broken into 2 pieces just because of language... So , Hindi speakers get off your dominant mentality",1,2,North-India,English,
There are bad people on both sides. Some north indians are just rude while some Kannada people just play Kannada card when they cant fight or when they want to extort money. Mostly its the latter,1,2,"North-India, Karnataka",English,
"Bangalore is well respected for its intellectuality and friendliness,all these happens once in a while ....as a person from other  state who made Bangalore second home its sad we always focus on negative and unnecessary things ....TBH Bangalore is one of the best cities becoming crowded day by day but still one of  the best ...",1,1,Karnataka,English,
Speaking in regional language is a sign of showing respect to the local people and state. These gutka walas of North India are  disgrace to our country 😂. These idiots only understand language of violence.,1,2,North-India,Code-Mixed,Hinglish
Marathi 🟰 desh ko todne wala deshdrohi,1,2,Maharashtra,Code-Mixed,Hinglish
"Maharashtra ke log lagta hai pagal ho gaye hai, joh desh ko batne ka kaam kar rahe hai",1,2,Maharashtra,Code-Mixed,Hinglish
Maharashtra Jaane Kay liye Ab ticket kay saath IELTS kay waisa (Marathi Language Test System) bhi deyna hoga 🙆‍♂️😝🤣,1,2,Maharashtra,Code-Mixed,Hinglish
"Marathi language menace is anti national anti india , book them under UAPA. A DANGER TO THE INTEGRITY OF INDIA. YEH DO GUNDE APNI POLITICS KE KIYE DESH KI EKTA KO KHATRE ME DAAL RAHE HAI",1,3,Maharashtra,Code-Mixed,Hinglish
Arrogant hindi belt people.  Go to Hindi belt and peep,1,2,North-India,English,
"Some faakin marathis and kannadigays are making a mess out here in this country, on top of all the mess that is aleady present.",1,2,"Maharashtra, Karnataka",English,
"Yeh marathi log alag desh mangenge aur visa chalu karva yenge, BJP koi action nahi le rahi in gundo pe.",1,2,Maharashtra,Code-Mixed,Hinglish
"Look at the arrogance of Hindian, obviously he will get the right treatment",1,2,North-India,English,
"Marathi manus are illiterates. World is going forward, they going backwards.",1,2,Maharashtra,English,
North Indians destroying india,1,2,North-India,English,
"These marathis weee historic dacoits, only emperor Aurangzeb taught them a lessonein the language they understood.",1,2,Maharashtra,English,
Maharashtrians are losing their common sense day by day.,1,2,Maharashtra,English,
These Marathis people are only jealous of other people  doing business in Mumbai. And that's why  they are such stupid act.,1,2,Maharashtra,English,
Marathi log pagal ho gaya sala..north east kabhi ghumne aao aisa language sikhaunga..nani yaad aa jayegi,1,2,Maharashtra,English,
maharastra is becoming mini pakistan .. i gusss it will be all india state vs Maharashtra mini pakistan .. maharastra people i guess u will be in trouble if u travel to other state if this continues...,1,3,Maharashtra,English,
Marathi dalla of Mughals...,1,2,Maharashtra,English,
"I am requesting to hindi bhasi states please boycott marathi products and banking services.... No minirals for maharastra.... Need to move e from Maharashtra to mother land, nd stop to use any banking services which belongs to Maharashtra.....",1,3,Maharashtra,English,
Jharkhand koyala dena band kar de na to maharashtra k log ki pant mein susu aa jaygi,1,2,Maharashtra,English,
Kya bhikari culture hai in Marathi/Kannada ka....  Sara din bheek mante hai. Inke life main ek hi mission hai. Duniya bhar ke logo se Marathi/Kannada bulwana  In Marathi aur Tamil/Kannada se gira hua log shayad duniya main koi aur hoga.,1,2,"Maharashtra, Karnataka, Tamil Nadu",Code-Mixed,Hinglish
Shame on marathi people,1,2,Maharashtra,English,
Marathi Apne hi per par khuladi Marne wale hai. Agar ye sab chakta Raha to . Mumbai me jo  Marathi bolte hai wo bhi bandh ho jayegi 😂😂😂. AUR ye Marathi Kuch kar bhi nahi payenge.,1,2,Maharashtra,Code-Mixed,Hinglish
"Maharashtra soon going into dump, if not controll this...I will wish to join any Hospital in Maharastra despite high salary and demand..",1,2,Maharashtra,English,
"Kitni gandi jagah hai Maharashtra mujhe lagta tha ki Bihar mein chori jayada hota hai. Chalti train mein ya din dahare road per kisi ko bhi maar dete Hain. Lekin UP Bihar mein Bhasha ko lekar kabhi vivad nahin hua. Kisi dusre state ke prati. Yahan per bhi Kerala Tamilnadu Chennai Maharashtra ke bande kam karte Hain. Lekin unko Bhojpuri nahin aati, kitne respect se unse baat karte hain. Mujhe bahut shauk tha ki main apne Parivar ke sath Maharashtra mein Siddhivinayak mandir, sai Baba ke darshan ke liye jaunga. Lekin man chudao tum apni gandi soch par. Ek Veer Shivaji the Jo akhand Bharat ke liye apna sab kuchh dav per Laga Diya.",1,2,Maharashtra,Code-Mixed,Hinglish
Marathi terrorist 😂,1,3,Maharashtra,English,
Marathi hizre ki aulaad aaaaa thuuuuu,1,3,Maharashtra,Code-Mixed,Hinglish
Maharashtra jaise illiterate or rude states mai kyon jaate ho,1,2,Maharashtra,Code-Mixed,Hinglish
In Marathi gaddar deshdrohi gundo ka ilaz jaruri hai,1,3,Maharashtra,Code-Mixed,Hinglish
Aak thu marathi manush,1,2,Maharashtra,Transliterated,
Sara desh thukta hai marathi manush pe,1,2,Maharashtra,Transliterated,
Nalayak marathi manush,1,2,Maharashtra,Transliterated,
Saare desh ke nishane pe hai marathi ghaati,1,2,Maharashtra,Transliterated,
Abb saare desh ka nafrat jhelega marathi bhaduva,1,2,Maharashtra,Transliterated,
Nalayak marathi,1,2,Maharashtra,Transliterated,
Marathi bhadua,1,2,Maharashtra,Transliterated,
"It's North Indian attitude that sees themselves as rulers or first-class citizens, assuming that Hindi is the national language and must be spoken everywhere in India. Yet, ironically, many of them make little to no effort to learn or respect the local languages of the regions they move to.",1,2,North-India,English,
SO CALLED EDUCATED MARATHI GAWARS😂,1,2,Maharashtra,Code-Mixed,Hinglish
"𝐘𝐡 𝐦𝐚𝐫𝐚𝐭𝐡𝐢 𝐥𝐠 𝐤𝐲𝐚 𝐩𝐚𝐠𝐚𝐥 𝐰𝐚𝐠𝐚𝐥 𝐡𝐨 𝐠𝐚𝐞 𝐤𝐲𝐚,, 𝐝𝐢𝐦𝐚𝐠 𝐤𝐚 𝐤𝐨𝐢 𝐡𝐢𝐬𝐬𝐚 𝐝𝐡𝐢𝐥𝐚 𝐡𝐨 𝐠𝐲𝐚 𝐡 𝐲𝐡 𝐥𝐠 𝐤𝐚,, 𝐩𝐚𝐫𝐞𝐬𝐚𝐧 𝐚𝐭𝐦𝐚 sb😡😡😡",1,2,Maharashtra,Code-Mixed,Hinglish
Marathi ke name pe terrorist activity se kam nahin hai ye.,1,3,Maharashtra,Code-Mixed,Hinglish
Ye chhparis marathi adivasis Jhaatu logon ko kuch kaam dhanda nahi hai 😂,1,3,Maharashtra,Transliterated,
maharashtra is a state of bloody illiterates,1,2,Maharashtra,English,
Chutya Marathi and Kanadiga,1,2,"Maharashtra, Karnataka",Code-Mixed,Hinglish
Marathi people are so useless. They think it is French or German so one should learn 😂was in pune faced this bullshit in college,1,2,Maharashtra,English,
Marathi language tatti hai.    Nahi bolenge.,1,2,Maharashtra,Code-Mixed,Hinglish
Ye kyaa chal raha hai maharshtra maine pagal ho gaye kuch log ye unpaad aur gunde log hai 😡😡,1,2,Maharashtra,Transliterated,
MAHARASHTRA    &     KARNATAKA    ppl are the same. They dont care about India they only care about themselves. They forget the infinite indians that make their state great. They are Indians first and LOCAL second......  If being Indian is insufficient for them then they need to get out of India  PLEASE!!,1,2,"Maharashtra, Karnataka",English,
Hindi speaking people doesn't respect other languages that is very sad😢 racism starts from language,1,3,North-India,English,
Maharashtra🤮  Already getting an ick I see lot of Maharashtrian in my and many other states Never have we forced them or any other people to speak a language Such an ick  People spoke about islam These people are equally idiotic,1,2,Maharashtra,English,
Marathis are making joke of themselves 😅😅😅 incompetente thugs😂😂,1,2,Maharashtra,English,
marathi hijada ho gaya 😢😢,1,2,Maharashtra,Transliterated,
Yr ye marathi wale ko sabak tu sikhana hoga.ek kaam kro sb marthi speaking bihar aajao sbko unch level ka marathi bihari sikayunga.,1,2,Maharashtra,Code-Mixed,Hinglish
Maharashtra isme hi finish ho jayega.saraa investment dusre states me shift ho jayega agar yahi attitude rahaa too,1,2,Maharashtra,Code-Mixed,Hinglish
Marathi hona achi baat hai lekin marathi hoke ye chutiapa karna bekaar hai  shame on such marathi,1,2,Maharashtra,Code-Mixed,Hinglish
Marathi people as WELCOMING as ever,1,1,Maharashtra,English,
BEING ILLETERATE IS EQUALS BEING BLIND . 😂 . first India has no national language so everyone has right to speak their own known language . MARATHIS AND KANNADIANS AND TAMILIANS SHOULD NOT IMPOST ANYONE  TO SPEAK THEIR MOTHER TONGUE .BEING LITERATE YOURSELF 😂,1,2,"Maharashtra, Tamil Nadu, Karnataka",English,
HINDI people  are highly arrogant --  if they  do not know  let them say -- I will start learning Marati --   People should learn  local language -- It is a must --  If you are  visitor it is ok --  If is you stay in that  place for  more than 6 month -  showing interest  in learning local language is a must,1,2,North-India,English,
I never thought Maharastrians are so narrow minded.,1,2,Maharashtra,English,
"Marathis, Kannadigas dono ne desh ka naam duba diya",1,2,"Maharashtra, Karnataka",Code-Mixed,Hinglish
Some Marathis are too much.... Tooo much ego.... All such regional egos need to be left behind if India is to b come one and prosper.... Same issue in many states in India.. But it is lot in Maharashtra...,1,2,Maharashtra,English,
"This Maharashtrian community has nothing else to gloat about, the last resort is to ask people to speak in their language, not considering whether one knows it or not. Finally resorting to physical abuse. Thats the end of the matter. When marathi for whatever it is stands no respect or of use anyplace in this entire nation except in its own state. Tell me how many states apart from maharashtra know the language. Also the script is a major part of hindi in the script also.",1,2,Maharashtra,English,
Time bahut hai maharashtrian ke paas. Kaam nahi hai na. Punjab mei inki aisi taisi kardo punjabi nahi aati to. Tamil naadu mei to bhagado. In short har state ka visa bana do 😂. Thank God US mei har state mei english hi hai. Because yaha anpad nahi rehte 😂,1,2,Maharashtra,Code-Mixed,Hinglish
Kannada walon se complete kar rhe😂,0,0,,Transliterated,
Lagegi aag to aayenge kai ghar jard me Yahaan Sirf mera hi makan thodi he......,0,0,,Transliterated,
So many varieties of problems in India.  Biggest problem is no punishment for harassment and law order situation.,0,0,,English,
Marathiisss have nothing to do...poor guys language is the only agenda in their life,1,1,Maharashtra,English,
Marathi mera 💩💩💩💩🤬😡🤮🤧,1,1,Maharashtra,English,
"If you migrate in any other state, it's your prime responsibility to atleast learn that state's official language's few words or sentences. If you say that we have freedom to do anything. Then I will also speak in Marathi only in Maharashtra, I don't give a shit if the other person doesn't understand because I also have freedom to speak any language. Why should I leave my mother tongue aside and speak in foreign languages like Hindi? If outsiders speak migrated state's offical language, then it will foster a sense of brotherhood among both the sides, and which will contribute to development of India.",0,0,,English,
Jisko jo bolna hai wo wahi bolega kisi ko bhi ham force nahi kar sakte hai ye chitiya panti band karo aabhi ye sab bore hone laga hai,0,0,,Transliterated,
"Dekho agar aap abhi abhi maharashtra aye ho to thik he me samajta hu par ek baat bata du agar aap permanent maharashtra rehne wale he to waha ki local language to ani chahiye par ye cheez andar se aani chahiye kisiko aise force karna ki yaha ki language sikho to wo sahi nahi he, ha agar aap kuchhi dino ke liye aye is state me to thik he me samajta hu",0,0,,Code-Mixed,Hinglish
Unemployment at its peak,0,0,,English,
Bloody uneducated gawar villager demanding educated people follow his marathi diktat.,0,0,,Code-Mixed,Hinglish
Its sad. The youth is on wrong track,0,0,,Transliterated,
Good job uncle,0,0,,Transliterated,
"well well, the war has Begun, good luck india.",0,0,,Transliterated,
500 rs day ka milta hai bhai ye bakchodi krne k liye 😂 #majdurr #berojgarYuva,0,0,,Code-Mixed,Hinglish
"Hindi language indian first language hai, but marathi kannada telgu malyalam kokni etc sabhi language are staty language, kisi ko bharst me rahna hai to sabhi ko hindi ana zaroori hai, kisi ko zabardasti nahi kar sakte, galat baat hai,",0,0,,Code-Mixed,Hinglish
Sab bjp ki den hai.,0,0,,Code-Mixed,Hinglish
Is Marathi a part of the national language of India?,0,0,,Transliterated,
These narrow minded people Spoil the reputation of our country... idiots...,0,0,,Transliterated,
EKTA me ANEKTA,0,0,,Code-Mixed,Hinglish
Ridiculousness that Maharashtra is heading towards.,0,0,,Transliterated,
Feel proud about tamilian ...we are so polite compared to north..,1,1,North-India,English,
"Indian regional and cast policy at its peak: blue, black, white, Marathi, Hindi, and many more.",0,0,,English,
"""Total barbaric states display a range of cast colors and lawlessness on the mother tongue..Agar koi marathi north me phas gaya to kya hoga..",0,0,,Code-Mixed,Hinglish
Foreigners ko english bolke talwe chat te hain..apne logon ko majha marathi dikhate hain..pathetic hypocrats,0,0,,Code-Mixed,Hinglish
UP BIHAR ka kachara hakalo,1,2,"Uttar Pradesh, Bihar",Transliterated,
"Indians often face racism not only in Western countries but also within their own country. Sadly, discrimination comes both from outsiders and fellow Indians. Whether living abroad or at home, many Indians constantly struggle for basic respect and dignity, often due to narrow minded attitudes.",0,0,,English,
Jaise jaise south movie karo ge ye Natak inka chalu suru ho jata hai inka.,0,0,,Code-Mixed,Hinglish
Koi police in ko pakde gi kya,0,0,,Code-Mixed,Hinglish
Education is indeed important.,0,0,,English,
Aab paise Wale log phas gaye 😂😂😂,0,0,,Transliterated,
This is shame on India,0,0,,English,
Dadagiri hay इनलोगों ki देश aazad hay sab ko jail me dalo,0,0,,Transliterated,
North Indians should learn Marathi if they come in Maharashtra or else North Indians should leave Maharashtra.,0,0,,English,
North Indian do not accept Bharat has diverse Culture...and call themselves...Hindus....they want hindi in all states.....Senseless North Indian want benefits ...and destroy other Culture bcoz of such intentions...Hinduism was destroyed in North first nd survived in South....Strange part...all North Indian Hindu nd Muslims are now United in Mumbai,1,2,North-India,English,
Respect the language of the land and politely agree you don’t know instead of retorting to violence against locals. That’s the way  Integrate or perish. Kannadigas will show the way forward 💛❤,0,0,,English,
In democratic India you can not force to anyone to speak marathi. It should be choice. If any one forced then it is against the law.,0,0,,English,
nahi bana sakta,0,0,,Transliterated,
"WHY ? WHY ? For God's Sake !!  Both Marathi & Hindi have the same roots.  Different parts of India, have evolved different versions of the same Devnagri script - with different pronounciations. How such TIME PASS people have started making BIG ISSUES out of it lately !!!   Sometimes I think these guys have a hidden agenda to drive a wedge between people !!",0,0,,Code-Mixed,Hinglish
Akhand bharat ke chakkar me bhart bhi tootane laga,0,0,,Transliterated,
Agar marathi lod apni betiyon ki shadi up bihar walon se kare to o marathi bolne lagenge😂😂😂😂,0,0,,Transliterated,
You cannot  force anyone to speak any language,0,0,,Transliterated,
Kitni bekari hai India mein. Faltu log kuch bhi pentra lagate hai.,0,0,,Transliterated,
Will do so if  constitution says so not if any random rowdie attention seeking group asks it !,0,0,,Code-Mixed,Hinglish
"These fake nationalists and their undying unparalleled nonsense ambiguous unconstitutional nationalism, it's really really sick",0,0,,English,
Sala inlog ku maro re.....ya log hyderabad me aao beta hmlog bhi tmlog ku telugu bolne lagavge,0,0,,Transliterated,
Unity in diversity my ass.,0,0,,English,
Kal ko m bangal jaunga wo bolnge bangali bolo kya desh hai,0,0,,Transliterated,
"Why is government so numb infront of these goons?, is government for the goons or for the public.",0,0,,English,
"Getting worse everyday-fish rots from the head. Divide using religion, region, caste & gender and goal is conquer. The real haters are who arrogantly cling to identity and have nothing else.",0,0,,English,
Boycott bollywood,0,0,,English,
Maharashtra next Tamil Nadu,0,0,,English,
Rip for maharastra,1,2,Maharashtra,English,
Rip for andbaktt,0,0,,English,
Perfect answer,0,0,,English,
FALTU RAJ THACKREY KE CHAMCHE!!!,0,0,,Code-Mixed,Hinglish
Marathiyo ke pass koi kam nahi hai  Isliye bs marathi bolo dadagiri,0,0,,Transliterated,
Maybe no other news for news channels..Are people really dumb?? To let business and other inter related ventures suffer .just because of language???,0,0,,English,
Mumbai kisi ke baap ka thodi hai,0,0,,Transliterated,
Ye lootere the 18 century me. Aaj bhi yhi kar rhe,0,0,,Code-Mixed,Hinglish
Maharashtra next bangalore 😂😂😂,0,0,,English,
Tum Kerala jaoge kaam ke liye ya ghoomne ko to unki bhasha me bol paoge,0,0,,Transliterated,
THIS IS MY COUNTRY 😂,0,0,,English,
Many non maharashtrian are living since decades in Maharashtra since decades. No one ever such incidents. This is new and only one of its kind. Maharashtra and marathi are good.,0,0,,English,
These Marathis settle in Hyderabad and make zero effort to learn Telugu!! Ironic..,0,0,,English,
delhi best h...south and maharashtra are sick states... hindi is national language...what is wrong with these sick people....,1,2,"South-India, Maharashtra",English,
"donald trump messed up the whole world, life was so much better before him!",0,0,,English,
I'm Dracula I drink human blood 😂,0,0,,English,
Police bhi aap ki madad nahi kare gi case daal do ispar,0,0,,Code-Mixed,Hinglish
"Itna hi karna bacha hai, kyuki kaam dandha bacha hi nahi 2014 ki ajaadi ke baad. Aaj ke jamane mein issi ko naam diya gaya hai desh bhakti. Sare Bichare😢😢 waqt ke maare",0,0,,English,
"Yeah speak in Marathi or English aka international language.....we will do the same when we visit Hindi speaking states😂😂😂.   Don't want to respect our culture,language and rules then feel free to go back to where you came from.  In our land what we say is rule just like central government.",0,0,,English,
Very sad that this is happening in India today. Divisions and communal tensions has become more important than developing the country and lifting people out of proverty and ignorance.,0,0,,English,
U cannot force customers for this. Service providers maybe asked to provide services in local language,0,0,,English,
All this chaos brewed in Tamil Nadu and the ripples of the situation are disturbing the entire country.,0,0,,English,
Dunia 🌎 kaha se kaha pahoch gayi aur hum Bhaashavaad jativaad me hi ulje hue he sad reality of my india 😢😢😢,0,0,,Code-Mixed,Hinglish
This is india 👍,0,0,,English,
Language harrasment by marathi people,1,2,Maharashtra,English,
Illustrate people,0,0,,English,
Bhasha ke nam par itna gir chuke he ye log. Maharashtra ka patan najdik he,0,0,,Code-Mixed,Hinglish
Ek bhi marathi ko gujarat me nahi rehne denge agar dusre logo che aisa bartav karenge ye marathi log.,0,0,,Transliterated,
People coping with unemployment,0,0,,English,
Same thing’s happening in Bangalore. Forced to speak in Kannada,0,0,,English,
"Ye wahi log hai, jinhe english , jo ki ek foreign language hai, usse dikkat nahi hai. But hindi, jo bharat ki bhasha hai, usse dikkat hai.",0,0,,Code-Mixed,Hinglish
It's a courtesy to learn the local language and culture when moving there for business or pleasure....and also to connect with the local people... some people just too rigid,0,0,,English,
Mera desh Mahan!Mera desh age badh raha ya piche jaa raha nahi samajh aaraha!!.Politicians hatao madarchod Military rule lao isli maaka!Sabb theek ho jayega.,0,0,,Code-Mixed,Hinglish
Bhut bhdiya ab religion ke baad language ke pange. Diversity at its peak😂,0,0,,Code-Mixed,Hinglish
"this is completely shyt , why are we still stuck in this type of issues when we need to come together and make our country a better place ?",0,0,,English,
So much of nonsense going on  our  country for languages.    And then we celebrate RD and ID like nothing happened !!  Really  too much,0,0,,English,
"Keep fighting among ourself...woh din door nahi.. jab phir se slavery karni padegi...aise hi Portuguese, french, british ne humein skave banaya tha....hum bandar ladte rahenge aur koi billi aake Raaj kaegi!!",0,0,,Code-Mixed,Hinglish
"If your language and your culture is so fragjle, that even speaking a different language by someone else breaks it then I guess the problem is in your culture.",0,0,,English,
In Marathi taton ke liye Aurangzeb aur Angrej he sahi h..... Duniya 2025 mai agaye aur yeah adhivasi jamane mai je rhe. Translater leke ghummo bhai India mai abh😂😂,0,0,,Code-Mixed,Hinglish
Is desh ka kuch nhi ho skta hai sale mr jayenge lad ladkr language ke liye😡,0,0,,Transliterated,
Anyone from tamilnadu?,0,0,,English,
What's the obsession with Marathi's Forced speaking of their mother tongue for the people outside of Maharastra .The fundamental rights has just became a joke .These idiots are the real reason for the discrimination still exisisting in  India they are the real villans of the society as well as the terorists for the younger generations?🤬,1,2,,English,
First arrest the guy making video without permission,0,0,,English,
Correct you cannot make video  without permission. You speak your language n he speaks his POINT.,0,0,,English,
Kya matlab ki maharastra h to unka hi  languese bolna h jaruri nhi ki waisa hi ho sab ko to nahi aata na we should respect everyones culture languese   And colour,0,0,,Code-Mixed,Hinglish
Ye brutt india ko hamesha nicha dikhane Vali video hi promote karta he. India ki koi achi chiz kabhi nahi batata. Lagta he Europe ya US ka dalla he.,0,0,,Code-Mixed,Hinglish
Hindi national language hai kon hai ye haram ka jana. Jo hindi bolne se rok raha🤨,0,0,,Code-Mixed,Hinglish
Hitler rule is back in Maharashtra😢,0,0,,English,
Gujaratis are most welcoming . Sharing my personal experience. I have also stayed in Maharashtra and can speak marathi,1,1,Gujarati,English,
Good ..all people fight  on the basis of languages in their own country  . Good keep it up.,0,0,,English,
Joke of the country *Unity in diversity is the speciality of India*,0,0,,English,
Hence other countries are moving ahead they focus on learning new skills to make economy but we to kearn languages to survive in out iwn country ..Kamal.hai,0,0,,Code-Mixed,Hinglish
BJP HINDI POLICY WILL RUIN ALL LANGUAGES,0,0,,English,
This probably has nothing to do with language. They are most probably arguing about other matter. Then they decided to make it about language 😂😂,0,0,,English,
"I feel to avoid such situations I think it's better to make english and hindi as a common language for all Indian to communicate as in people like us who do not know Marathi or other people's mother tongue,  You can't expect them to speak in that Language.",0,0,,English,
Sad to see all this,0,0,,English,
I can't believe this.... Until now South Indian states are being forced to learn Hindi by the Central Government.... But now I see North Indian states itself have problem with this....😂😂😂😂  Fight fight fight 😂😂😂,0,0,,English,
"These are nothing but rascals and goons, in the name of language want to create divisions. All are bharatiya and we should respect each others uniqueness🙂🇮🇳🙏",0,0,,English,
They have good in english which is not our country language but they are problem with our marathi which is country originated language  😅😅😅,0,0,,English,
That's why they're Indians...,0,0,,English,
"India was never an country its just an random small kingdoms,  for 70 yrs we are trying to unit.",0,0,,English,
Maharashtra is getting worst,1,3,Maharashtra,English,
Only Hindus create ruckus like this. I’m so ashamed.,0,0,,English,
"Shame and pity man where language comes as a barrier,",0,0,,English,
"Silly futile people, everyone in the world having ai and all .we stopped evolving after ,caste , religion, language",0,0,,English,
Totally undemocratic and uncivilized,0,0,,English,
Moorakh log  anpar abhi vi 100 sal piche,0,0,,Code-Mixed,Hinglish
Plain harassment!!! Language is a means of communicating. The very essence is being destroyed and causing divide.,0,0,,English,
Accepting something & Forcing to accept Something are two different things !   Cameraman is totally wrong here !,0,0,,English,
this an attempt by anti-Indian forcesband terror journalists to divide country on the basis of caste and languages.. They r wooried now that hindus across india united to check terrorist parites..,0,0,,English,
"Am njying foolish ppl fights from past 10+ years in my country, such a wounderfull topics to pic up for fights😂🤣",0,0,,English,
BJP : mission accomplished,0,0,,English,
Peak Unemployment..,0,0,,English,
India going back in stone age 😂😂😂😂😂😂 keep it e,0,0,,English,
"I'm surprised by this comment section. If I'm going to work in another state, i should learn their local language. Even though i can manage a  bit with English within atleast few years i will learn their language. Every state has it's own language (many sometimes) and it's own culture and traditions. Learn their language if you wanna live in their land. Don't expect them to learn your language so you can live comfortably.",0,0,,English,
"Hindus beware....These things are being done ny anti nationalists to divide Hindus.... Please we are Hindus first.. no caste, no language... Have you ever seen a tamil muslim harassing a  UP muslim for language.. they even stand in solidarity with Gaza Muslims... Hindus please remain United...",0,0,,English,
"Ab ye naya drama agaye India me, idiot ruler and their followers are ruining India. Third class country’s mentality..",0,0,,Code-Mixed,Hinglish
You cannot forcibly ask people to speak in a language which they cannot speak.,0,0,,English,
These are the same people they claim to be on the same level as China! 🇨🇳 😂😂😂,0,0,,English,
Bjp now facing the consequences,0,0,,English,
"If you force Hindi on others, you will be forced not to speak it.",0,0,,English,
Not necessary to speak Marathi in maharashtra 🎉🎉,0,0,,English,
Faltu giri karke rakhe hai yaar sahi me ...kya hai ye sab,0,0,,Code-Mixed,Hinglish
"1st Tamils, 2nd Kannada ppl, now Maratas... Wow Inida progressing...",0,0,,English,
Vallabhbhai Patel would be proud.,0,0,,English,
Mera Desh badal raha hai.. aise hi desh tukde tukde mein divide ho jaega .. bekaar k chizo mein log involve hain,0,0,,Code-Mixed,Hinglish
Let the people speak what they want man ..,0,0,,English,
"Aur karo hindu musalman now language,bloody fanatics",0,0,,English,
India: what a shameful people here. 0% civics.,0,0,,English,
"If wants to buy something from shop,the owner understands hindi then ok but if owner don't understand hindi,he will learn marathi by himself. You can't force someone like that,this is your intention.",0,0,,English,
All because of Dumils 😂,0,0,,English,
when northies starts to  get educate   🎉🎉🎉  keep it up,0,0,,English,
Even maharashtrians dont speak marathi why should anyone else,0,0,,English,
What is happening to this country,0,0,,English,
Politics thrive in chaos,0,0,,English,
"Indian supreme court agar justice nhi deya  toh ham northeast nhi rehega  , hamara khud ka country ham banayenge",0,0,,Code-Mixed,Hinglish
We want justice for Anjel chakma,0,0,,English,
"Indians are the second most corrupt, selfish, heinous,in the world.",0,0,,English,
Am india I hate india because control BJP attack or Ram Krishna hit for my people,0,0,,English,
STAB TO EACH OTHER BETWEEN OUR OWN STATE COUNTRY INDIAN  MAN.,0,0,,English,
WHY NOT POLICE REFUSED TO FILE AN  F.I.R.  AFTER  3  THREE OUR WHY THEY LODGES  F.I.R.  NE INDIA ARE NOT SAFE IN MAIN LAND OUR OWN COUNTRY.  NAGALAND STATE NE INDIA.,0,0,,English,
India becomes new bangladesh,0,0,,English,
TODAY IS YOUR DAY.  NE INDIA.,0,0,,English,
Indian doesn't have civic sense at all  Justice for Angel chakma😢!!,0,0,,English,
Shameless gawar uneducated illiterate increase day by day in India such a shame 👎 india are full of shit now adays...if a Leader is uneducated it's happen lik this only all faild...shame on u modi...,0,0,,English,
"If you don't want us NORTH EAST citizens, then free us from India. Please",0,0,,English,
Must need to take Revenge,0,0,,English,
"All these Incendients, was happening of godi media 📺spread hates and some political current leaders spread hates in public big shame arrest 🚨 ist godi media 📺 personnels and then uneducated polticans who spread hates divide ➗ and rule policy",0,0,,English,
Bjp government,0,0,,English,
Many refuge r here in India refuge hate indian people refuge luf crime. Modiji plz save indigenous people refuge ko remove karo I'm from manipur meitei hindu,0,0,,English,
chutye Indians ek dusre ko mar rahe hai bjp hoga to aise he hoga 😂,0,0,,Transliterated,
Let's separate ourselves open borders so that the real Chinese can infiltrate and give this country a nightmare,0,0,,English,
Democracy is becoming meaningless under BJP.India must throw away BJP to bring back  Democracy.,0,0,,English,
Bjp policy,0,0,,English,
We want justice  hang to death,0,0,,English,
Proud to be a bangali,0,0,,English,
Mummy ne kaha hai ki bangali or bihari se dur rehna hai😂😂,0,0,,English,
I am from odisha and i am sure they do not do that  !!,0,0,,English,
This is too much about bengali people  😡😡,0,0,,English,
Me too Bengali,0,0,,English,
As a bihari I confirm we don't do that,0,0,,English,
"As a bihari, it's TRUEEEEEE",0,0,,English,
Bangali is fire always,0,0,,English,
Up is the best🎉❤😊,0,0,,English,
What rubbish!!!,0,0,,English,
Stop spreading such things on social media. Bihar doesn’t always mean that they would have a gun in their pocket and Bengal doesn’t mean that every other Bengali would be into black magic and voodoo! It is because of such stereotypes that you people create that the rest of India thinks that every Bong is always doing black magic.,0,0,,English,
I don't like Bihari 😢😢.. why they are so sweet from outside but extremely horrible in reality,1,2,,English,
"I from JHARKHAND .... NORTH Indian Peoples are biggest ,Dirty minded,,dirty criminal minded ,, Barbarous,,fool ,,Peoples in the World..../// NORTH Indian dirty minded Politicians are never given respect to Our East, Northeast and South....of their Culture,and Languages...//Already they dirty minded Nirbhaya Rapist minded , Politicians...has divided to our Country.....// RSS BRAHMIN... Foreigners of Nirbhaya Rapist minded are Biggest vilan of INDIA../ NORTH Indian ..Fool , Barbarous peoples are Slave of Foreigners dirty minded RSS BRAHMIN... world no 1 dirty minded...RSS BRAHMIN...in North INDIA.../ RSS BRAHMIN Foreigners are playing a game of making Slave -Slave ..// Go Hell Nirbhaya Rapist.. Slave North Indian.../",1,3,North-India,English,
ᴩᴀʜᴀʀɪ ʜɪᴍᴀᴄʜᴀʟ ᴄᴜʀᴛ ᴜʀᴀʟ  ᴅᴀɴᴄᴇ,0,0,,Code-Mixed,Hinglish
I am from Kerala,0,0,,English,
Where there is discrimination there is no development,0,0,,English,
"Okay Listen to me I'm basically born in Delhi so a north indian but all of my parents and family are from south india (kerala) and I studied in delhi till 10th and rn in kerala where I i'm in 12th standard. All I'm saying when I was in delhi they called me ""madrasi"" and when I'm here they call me ""bengali""....... Its real both of them are reckless I'm not saying everyone but these people mock each other but they are not getting that all of us are called indians!. NOW THERE ARE PEOPLE IN BOTH REGIONS WHO LOVES AND RESPECT BOTH CULTURE AND PEOPLE .",0,0,,English,
"If any North Indian call mi tu kala he one thing i have to say see druve rathee unka grandfather welcome Britishers in to his house ,but our grandfather don't allow them and fight them great, that's why dhruve rathee white.😂😂😂😂",0,0,,English,
"We are west indians🇮🇳 People fom MH , GJ, GOA  second highly developed regions in india",0,0,,English,
Informative subject 🙌🏻,0,0,,English,
Basically North Indians are illiterate.,1,2,North-India,English,
South Indian 🔥🔥🔥,0,0,,English,
Meanwhile Gujarat and Maharashtra laughing in the corner 😂😂 for being most developed.,0,0,,English,
"Being a Gujarati,  Gujarat is the safest place for women. And its hospitality is the best..",1,1,Gujarat,English,
"I'm from Bangalore we have a lot of north Indian's staying here because they don't have much  jobs openings, they come here and make fun of South Indian's make fun of their food...they actually are a nuisance here fighting with landlords - if it's so difficult for them they should not be here. I don't think we can make any change.",1,2,North-India,English,
Google ceo Sundar also in south india Chennai,0,0,,English,
"Well explained. South India is more natural, organic and safe. But why South Indians move to Western world??",1,1,South-India,English,
South people are polite and cool 🥰..  North is worst.. Specifically hindi heart land Love From Kolkata,1,2,"North-India, South-India",English,
North me andh bhakhti jiyada hai,1,2,North-India,Code-Mixed,Hinglish
"I feel mostly north Indians go by looks and south Indians go by behavior and brains. My personal experience is north Indians treat south Indians lowly because of colour and height. They don't even know how many states are in south India but most of the south Indian students knew not only all the states of India but also their capitals culture. Obviously south Indians used to study in depth but most of the north Indian students were kind of jugadus(doing the job temporarily or superficially). But now everyone is knowing everything across the globe because of technology and social media. And most importantly south Indians don't follow west easily, will follow only if it's required and genuine.",1,2,"North-India, South-India",English,
For we South Indians every states above South India is north india,1,1,North-India,English,
northindia totally spoiled by narrowminded politicians  stealing all taxmoney depositing in remote foreignbanks silently doing for last 40 years,1,2,North-India,English,
Dont split our India there is no south north one India 🙏,0,0,,English,
Plz Don't divide INDIANS into South and North. I'm from telangana but We are all INDIANS and we are living for our mother country to save the next generation,0,0,,English,
South Indians should know which part is North India.... First. I'm  from Odisha and when I went to Chennai they behaved in the worst way possible. I got to know that ODISHA is in north India 🤣 They just simply hate all other states other than their so-called South Indian ones.... There is no such moral education in them that u r talking about. They don't love India...they love themselves....,1,3,South-India,English,
Meanwhile south India paying taxes and north india benefitting those taxes .....  My suggestion is to divide india,1,2,"South-India, North-India",English,
If india is divided then North India becomes North Korea and South India becomes South Korea,1,2,"South-India, North-India",English,
"South Indian invest only in real estate, gold & wear silk...  North Indians like more fancy & bollywood fashion",1,1,"South-India, North-India",English,
"Food is much better in south India. Less use of refined ingredients like maida, mostly dal & rice is used... While North Indian samosa or sheermal or naan or kulcha or bhatura - all maida",1,2,"South-India, North-India",Code-Mixed,Hinglish
"North Indians ko gutka kha kr har kahi thukna aata hai koi jagah nhi chhodte chahe wo bus ho, metro ho ya work place ho bs gandgi  karna aata h. . Or religion ko le kr ladte rehte h or iska fayda politicians utate h..",1,2,North-India,Code-Mixed,Hinglish
"Everybody knows North Indian are very very racist ,, we hate north indian people 🖕🤬🤬",1,3,North-India,English,
South Indian is like Singapore for North Indian labour peoples...they come here do all kinds of labour jobs earns well and feed their family well in North Indian which is struggling for job and security their,1,2,"South-India, North-India",English,
Most chutiyas reside in North and East India 😆😆😆  South and North east Indians are Good,1,2,"North-India, East-India",English,
most of the north indians r rude & assholes,1,3,North-India,English,
Your guts are superb Mr. Thilakdhaari,0,0,,English,
10:16 I'm a byari 😀,0,0,,English,
Great video,0,0,,English,
If what you're saying is true then why people from South states come to our states for Jobs and higher education....?,0,0,,English,
Becoz we don't fight over religion,0,0,,English,
chagaz khan is not a Muslim ruler,0,0,,English,
Because more christians in south india 😍,0,0,,English,
Too advantage disturb,0,0,,English,
what about the chola history,0,0,,English,
One wrong information by dhruv today that is Karnataka me jds political party hai jdu nai,0,0,,English,
Where is goa ?,0,0,,English,
"Bro first learn the pronounsation of places and rulers of South India and then make video , don't get.roasted",0,0,,English,
Hyderabadi,0,0,,English,
Changez khan is not a Muslim,0,0,,English,
I am from u.p ................................... fill in the blank,0,0,,English,
Nice analysis man,0,0,,English,
BIMARU राज्य BI - बिहार M - मध्य प्रदेश R - राजस्थान U - यूपी,1,2,"Bihar, Madhya Pradesh, Rajasthan, Uttar Pradehs",Transliterated,
North Indians are pieces of shit,1,3,North-India,English,
Most south people are rice bag converted 🍚💰,1,2,South-India,English,
Yeah! South parts are more civilized then others,1,1,South-India,English,
Kerala 👍👍,0,0,,English,
Education is more important  It will everything Women education is must and should,0,0,,English,
Great effort 👌,0,0,,English,
"There is no north India , there is no south India.. There is one and only one, Republic of India.....🇮🇳🇮🇳",0,0,,English,
Kerala has also problem like high unemployment rate and lower economy.,1,2,,English,
South Indian🇮🇳 is the best place to live ✌❣️❣️❣️❣️,1,1,South-India,English,
Well explained bro..... got more info on many things,0,0,,English,
East vs West India,0,0,,English,
Thank you,0,0,,English,
Hope oneday you will go beyond north south and consider east as a distinct culture and cover them as well,0,0,,English,
i am a north indian but i live in south india,0,0,,English,
"@dhruv rathee it's northern and southern India 🙏 kindly correct it from your Stanford chai wala University, jamalpur",0,0,,English,
"Education, education, education LOL",0,0,,English,
South Indians well educated 💯 true,1,1,South-India,English,
Marathi logon pe apana swarth mat sadho janata bevakhub nahi rahi ab,1,2,Maharashtra,Transliterated,
Marathi ki maa bhihyn chod do  bhyijo MP me🔪🔪🔪🔪🔪🌶️🌶️🌶️,1,3,Maharashtra,Transliterated,
Ye maharashtra k kutte kewal maharashtra me hi bol sakte hai inki aukat nhi .....kahi aur bolne ki,1,3,Maharashtra,Transliterated,
Delhi tum kya teaching doge salo pura delhi repist he choti choti bacchiyo ko bhi nahi chodte delhi wale,1,3,Delhi ,Code-Mixed,Hinglish
Isliye ye logon ka rajya bhuka nanga hai itne salon se😂... Tum bihari sab sirf panipuri bechne ke layak ho Idhar aao hi mat thela lagane.... Bache kuche pani pudi wale hai unko bhi leke jao chatri ka dudh pine😂😂😂😂😂😂😂,1,3,Bihar,Code-Mixed,Hinglish
हमारी यूपी में हर भाषा का सम्मान होता है यह मराठी और तमिल वाले कभी नहीं सुधरेंगे इनका आइना दिखाना पड़ेगा,1,2,"Maharashtra, Tamil Nadu",Transliterated,
Ye maratha ka itihas pahele se accha nahi he Kyo ki jab Mughalo kamjor ho chuke the tab ye log peda huve the Aurangzeb ki jane ke baad ye log power me aaye the or ye ese log he jinhone hinduo or hindu dharm ke mandir lootne me koi kasar chhodi nahi thi lootmar karne wale log the or aaj ye raj thakre etc etc he koi fark nahi he azadi se pehle or azadi ke baad ke maratha me ok bhai Jai mataji from Gujarat,1,2,Maharashtra,Transliterated,
Delhi walo se rape ki tution hi de sakte hai,1,3,Delhi ,Code-Mixed,Hinglish
Mai hyderabad se ho mai agree karta hoon Maharashtra mai bohut gundagardi hai ..hamare yaha bohut saare marati log hai par hum log inko kuch nai karte ..or hum jabbe travel karte hai or maharashtra lagta tabhi hum ready hojate hai gundo se muqabla karne ...janwar hai marathi..,1,3,Maharashtra,Transliterated,
"Aabe chutiye,bachche paida karane ki coaching doge biharwaleet?tum log yaha Maharashtra me kaam karane aate ho ,aur vaha tumhe bachche ho jate hai,, 😅",1,3,Bihar,Code-Mixed,Hinglish
"Isliye marathi jaruri hai, pehle apni bhasha sudharo baccha paida karne ki coaching udhar hi karo bihariyon kyuu ate ho maharashtra me tumhari bhashe se tum kitne ghatiya ho dikhta he idhar ake ghatiyagiri failane ki jarurat nahi hai",1,3,Bihar,Code-Mixed,Hinglish
Up bihar ko bhikari kisane banaye bhikarchot,1,3,"Bihar, Uttar Pradesh",Transliterated,
Even my own bihari friends agree to this they lack civics sense and mannerism 😂 very few good people and some of them are my friends staying in assam😂,1,2,Bihar,Code-Mixed,Hinglish
whi toh mahrashtra is a soverign state aur bihar ek poor sluggish country h,1,2,Bihar,Code-Mixed,Hinglish
"Jharkhand se log palayan nahin karte yahaan log jaise bhi hai yahin rehte hain bihar se special log palayan karte hain raj thakrey ko yeh pata hona chahiye inko lagta hai bihar aur Jharkhand ek hi hai dono mein bahut antar hai Jharkhand mein bhojpuri nahin chalti hai yahaan nagpuri, santhali, mundari, kurukh, khortha jaisi bhaasa chalti hai😊😊😊😊😊",0,0,,Code-Mixed,Hinglish
beggars can't be choosers,0,0,,English,
"Hm bihariyo  ko apni movie industry etc  banane k liye struggle krna chahiye ,, rojgar bhi paida hoga .......mumbai ki movies mumbai me hi release honi  chahiye .....bihar market me nahi",0,0,,Code-Mixed,Hinglish
Bihari Lauda🤏,1,3,Bihar,Code-Mixed,Hinglish
Bihar the land of labrors 😂😂,1,2,Bihar,Code-Mixed,Hinglish
Main bhi yaar Bihariyon se pareshan ho gaya tha I was traveling from Kanpur to my home city Prayagraj and Biharis were extremely loud in voice and lot of them already had sat on my reserved seat and almost harassed me with loud voice. I wanted to just get a window seat to sleep but then thankfully RPF constable came and removed them,1,2,Bihar,Code-Mixed,Hinglish
Bihari is great and great great great,1,1,Bihar,English,
1 bihari 100 bimari,1,2,Bihar,Code-Mixed,Hinglish
Ek bihari sau bimari,1,2,Bihar,Code-Mixed,Hinglish
1 Bihari 100 bimari 😂😂😂,1,2,Bihar,Code-Mixed,Hinglish
In partho ko panipat wala treatment dena chahiye phir se. Gaand chudi thi unki🤣🤣,0,0,,Transliterated,
Jai hind bhi gaali hai Kai rajyo mei. Naam Saf saf pata hai.,0,0,,Transliterated,
Sach hai inko Bihar  mai development krne chaea,0,0,,Code-Mixed,Hinglish
i agree with raj for first time 🤣🔥,0,0,,English,
"Meratha peoples are recist against south indians, bihari, mp and up peoples",1,3,"South-India, Bihar, Madhya Pradesh, Uttar Pradesh",English,
Meratha peoples are recist towards south indians and gujratis tooo lol,1,3,"Maharashtra, South-India, Gujarat",English,
Bihar hass mass migration and tbh Bihar ppl have no civic sense no basic behavior norr manner i think Bihari should vote based on development not on caste,1,2,Bihar,Transliterated,
Chote chote bcche b nihayti badtameej hote h bihar k....hum train m gye ...poora rasta kaatna mushkil kr diya....bhgwan bchaye...inse,1,2,Bihar,Code-Mixed,Hinglish
Abe marathi gujarat me kya kar raha hai phir  Marathi = ghaati Bihari log bahut marte hai isliye darr ke mare ye log bihar nahi jaate hai😂😂,0,0,,Code-Mixed,Hinglish
"100% agreed , bihari guys don’t get jobs in their birthplace . They go to other cities & create problems for others ….",1,2,Bihar,English,
"Guys I live in Kolkata there's tons of Biharis living here and I can say it's really 1 bihari 100 bimari cuz lack of civic sence and dada giri violence mindset... I was living on a different town in Rent bcz of my studies and my neighbours were Biharis always fighting with old land lady over tiny bit of things doing violence like breaking her door throwing trash through her window I myself faced many problems cuz of this illiterate Biharis they were thinking they were dada of that rent house and whole area while just living in 2000 rupees rent always like poking others with me by spitting infront of my door by will if I said anything they were like start throwing abusive language and start doing many more bad things , That personally builded hate inside me for Biharis ....",1,3,Bihar,Code-Mixed,Hinglish
Im bihari but tum log bihar me ayo na 90% rich and me bihar me he rhte ho 😛,0,0,,Code-Mixed,Hinglish
We don't want these shit Buharis,1,3,Bihar,English,
Boycott up and Bihar,1,3,Bihar,English,
Up and Bihar hell of India 😂😂😂😂😂,1,3,"Bihar, Uttar Pradesh",English,
Up and Bihar hub of Illiterate population 😂😂😂😂😂,1,3,"Bihar, Uttar Pradesh",English,
Up and Bihar cancer of India 😂😂😂😂😂😂,1,3,"Bihar, Uttar Pradesh",English,
😂bihari khud m@@@@@@d hai. ,1,3,Bihar,Transliterated,
Bhouji ki dupata ka picha bhag na wala apna apk masculine bole ta hai sala . Or wa dusra State ma jaka unki ladki sa shadi kare ta hai or apni ladki ko nahi dada dusra State ka ladka sa . Sala,0,0,,Code-Mixed,Hinglish
"Basically, we don't hate bihar. We hate bihari who are in Maharashtra",1,3,Bihar,English,
Ek din maharashtra bihar banega 😂 .. yeu dya bihari lokana 😂,0,0,,Transliterated,
Why you can’t get employment in Bihar ?,0,0,,English,
Migration nahi civics sences hai,0,0,,Code-Mixed,Hinglish
"UP , bihar and Jharkhand 3 states गरीब नाही है! भिकारी है! चोर है!",1,3,"Uttar Pradesh, Bihar, Jharkhand",Code-Mixed,Hinglish
trains ati h to tera kya jata h raj thakre... tu to apne sautele baap ki shadow bn kr rh gya😂,0,0,,Code-Mixed,Hinglish
"We're not against Bihari, don't misspread and don't defame Marathi people",0,0,,English,
Mumbai is mumbai today because of the businesses of gujjus and parsis. These poor and cheap working class marathis think they are the king of their own world. You can see such job slaves in the comments also😂,1,2,Maharashtra,English,
Bihari logon Ko Apne state ke bare mein bhi sochana chahie khud achcha Rahane se kuchh nahin hone wala,0,0,,Code-Mixed,Hinglish
राज थकरे को गाली देने वाले like करे।।😂😂😂,0,0,,Code-Mixed,Hinglish
Fucking looser buharis black don't come here in Maharastra okkk,1,3,Bihar,English,
48 trains aaye chahe 150 trains aaye iske baap ka kya jaata hai. Iska pesha yahi hai kya..isi se iske Ghar ka chulha jalta hai kya😊,0,0,,Code-Mixed,Hinglish
1 bihari 100 bimari 🤡. Bhaiyas always suck!,1,2,Bihar,Code-Mixed,Hinglish
CD Deshmukh of Maharashtra looted Uttar Pradesh for last 55 years through 5 year plan fund allocations. Raj Thackrey pehle humarey UP ka paisa wapas karey aur uske baad apni backchodi pele. 😡 Saley freight equilisation ke bhikari.,0,0,,Code-Mixed,Hinglish
Bihar ke log or Pura North India ek alag country ban sakta hai...fir development ho jaayega...India is a fake country....,0,0,,Code-Mixed,Hinglish
India se bihar hatao😂,1,2,Bihar,Code-Mixed,Hinglish
Don't speak about Jharkhand it is different from Bihar and it is still more developed than Bihar....If you are larger than don't speak bad about other states....,0,0,,English,
"1 bihari, 1 crore bimari... Yuckkkkk people",1,3,Bihar,English,
And this is reality😂but still stupid people are saying this is because of hate😂,0,0,,English,
Uttar Pradesh wale bhi tho Bihari ko gali ki tarah istemal karne lage ab aur Maine padha tha newspaper mein ki Lucknow mein bihariyon ko bhagaya Gaya ki Bihari Wale hamare Lucknow UP mein rojgar chin rahe hai aur abhi Uttar Pradesh second largest economy Ban chuki hai Yogi Adityanath govt hai aur up wale to bol rahe hain ki humko Bihar ke sath mat jodo,1,2,"Bihar, Uttar Pradesh",Transliterated,
"""It feels very strange to see how, even in this modern era, we Biharis are viewed in our own country. Yes, I know that there is a lack of civic sense in Bihar, the politicians are not right, and there aren't good institutions. However, despite all this, the people of Bihar are progressing, moving forward, and working hard. They are starting businesses without any facilities. But I also know that many educated and capable people who go to other states or countries for business do not identify themselves as Biharis. It feels really bad to see how, because of a few individuals, people across the country look down on Biharis. If you maintain such a mindset, how will Bihar progress? Let's all come together; we are part of you too. Give us the opportunity to open private limited companies in Bihar and help in economic growth; only then can we progress together.""",1,1,Bihar,English,
Bihar good people not like Delhi to Lahore.,1,1,Bihar,English,
"I am Marathi and I Respect UP and Bihar for its great history 🙏🏼  Maharashtra bhi kuchh kam nahi So mera matlab We shouldn't fight each other, unite these all and make India great again.  Jo piche rah gaye unko aage laane ki zimmedari unki hai jo aage hain. भाषावाद या जातीवाद karke sirf Partition hoga, Ek hain toh safe hain warna kangladesh hai",0,0,,Code-Mixed,Hinglish
Train भर के आ रही और भर के जा भी रही है। आधा। सच आधा झूठ मत बोलो। वैसे मै भी महाराष्ट्र आ रहा हु। 😂😂।,0,0,,Code-Mixed,Hinglish
He is correct,0,0,,English,
Biharis and Muslims both are curse for this country.,1,3,Bihar,English,
बिहारी पीपल की gandi नर होती है ladki की ऊपर,1,3,Bihar,Transliterated,
no seat for mns,0,0,,English,
🗣️Bihari 'illegal' hai india ka har State pe illegal tarikase rehte hai. 'Bangladeshi Miya jaisa hai Bihar ka Bihari bhi thik aisa he hai. Sobhi hamare indian ko Pus raha hu Jo Bihari illegal se rehta hai Unlogo ka illegal rehneka matlab kia hai. Kusto matlab hai aj To new generation hai aise koi illegal tarika se Rehneka Style atsa nehi hai. 'Rajtranta' time ka bat alag hai or 'Ganotranto' ka bat alag hai. Rajtranta ka time pe ye sab illegal type ka kam hota tha koi bat nehi par ajto 'Gonotontro' ho raha ye sob 'illegally' system kio. Jaise Example hamara Assam hai hamara Assam ke 'Tinsukia' name ka District pe Bihari 'illegal' tarike ke se hai. Kio aisa illegal hai Rendisut illegally ko Bhagayega ek din jorur Dora Dora ke pit pit ke Bhagayega tab illegal Bihariko pata salega.,1,3,Bihar,Code-Mixed,Hinglish
Ek bihari 100 bimari 😂,1,2,Bihar,Code-Mixed,Hinglish
Tujhe wakai kuch nehi peta,0,0,,Transliterated,
I am bihari but banke bihari vs universe,0,0,,Code-Mixed,Hinglish
Hmmm point bro America wale bhi yahi sochte or pata hai abhi kuch din pahle hi criminal ki tarah tum Indians ko laat maar ke bhagaya gaya tha or ha usme ek bhi bihari nahi tha oo sorry iss baat ko hide karna tha kya,0,0,,Code-Mixed,Hinglish
Same thing happening in delhi. Delhi gya kam se crime rate dekh lo ajj delhi ka,1,1,Delhi,Code-Mixed,Hinglish
But up has more migration than bihar for mumbai,0,0,,English,
Biharis Just increasing population of india,1,2,Bihar,Code-Mixed,Hinglish
1 bihari 100 bimari,1,2,Bihar,Code-Mixed,Hinglish
Ek bihari…100 bimari.,1,2,Bihar,Code-Mixed,Hinglish
1 Bihar 100 bi**ri 😅,1,2,Bihar,Code-Mixed,Hinglish
Biharis are shemless people,1,1,Bihar,English,
Bihar is potential state which needs development  Bihar is still recovering from Havoc of lalu n his dynasty  We all are brothers who needs to develop each n every corner of our country,0,0,,English,
